{
  "run_id": "20251126_140919",
  "timings": {
    "dbt_run": 10.184489300008863,
    "dbt_test": 9.100230299984105,
    "ge_src_orders": 12.576761099975556,
    "ge_stg_orders": 9.869514800026082,
    "ge_fct_orders": 9.890236399951391,
    "total_pipeline": 51.67470690002665
  }
}