{
  "run_id": "20251126_141849",
  "timings": {
    "dbt_run": 10.487960199941881,
    "dbt_test": 11.304574000067078,
    "ge_src_orders": 12.552018500049599,
    "ge_stg_orders": 11.791817700024694,
    "ge_fct_orders": 12.622434300021268,
    "total_pipeline": 58.81243900000118
  }
}