{
  "run_id": "20251126_141255",
  "timings": {
    "dbt_run": 9.682101299986243,
    "dbt_test": 9.334892899962142,
    "ge_src_orders": 13.07184720004443,
    "ge_stg_orders": 11.936738400021568,
    "ge_fct_orders": 9.98894890001975,
    "total_pipeline": 54.1043517999351
  }
}