{
  "run_id": "20251126_141441",
  "timings": {
    "dbt_run": 8.991630099946633,
    "dbt_test": 9.176583799999207,
    "ge_src_orders": 10.073821599944495,
    "ge_stg_orders": 8.897754900041036,
    "ge_fct_orders": 8.877929899957962,
    "total_pipeline": 46.08094140002504
  }
}