{
  "run_id": "20251126_141614",
  "timings": {
    "dbt_run": 9.258121900027618,
    "dbt_test": 9.26136620005127,
    "ge_src_orders": 10.000309000024572,
    "ge_stg_orders": 8.90999059996102,
    "ge_fct_orders": 9.00200449989643,
    "total_pipeline": 46.4908547999803
  }
}