{
  "run_id": "20251126_141350",
  "timings": {
    "dbt_run": 10.73998160008341,
    "dbt_test": 10.737022699904628,
    "ge_src_orders": 11.560332300025038,
    "ge_stg_orders": 9.064120900002308,
    "ge_fct_orders": 8.993814799934626,
    "total_pipeline": 51.1473537000129
  }
}