{
  "run_id": "20251126_141527",
  "timings": {
    "dbt_run": 9.09161210001912,
    "dbt_test": 8.995182599988766,
    "ge_src_orders": 10.094947200035676,
    "ge_stg_orders": 8.963757199933752,
    "ge_fct_orders": 9.449794400017709,
    "total_pipeline": 46.69910720002372
  }
}