{
  "run_id": "20251126_141701",
  "timings": {
    "dbt_run": 9.304058599984273,
    "dbt_test": 10.653359199990518,
    "ge_src_orders": 11.667438800097443,
    "ge_stg_orders": 10.998562699998729,
    "ge_fct_orders": 11.290355700068176,
    "total_pipeline": 54.06461839994881
  }
}