{
  "run_id": "20251126_141756",
  "timings": {
    "dbt_run": 11.09705939993728,
    "dbt_test": 10.689625400002114,
    "ge_src_orders": 12.321627700002864,
    "ge_stg_orders": 9.627701499965042,
    "ge_fct_orders": 9.375406200066209,
    "total_pipeline": 53.16353329992853
  }
}